{
  "global_exposure_usd": 55.317081734514716,
  "per_trader_exposure_usd": {
    "0x83b9f9e2d28ab875b9c9f73cdd5535c4c8926124": 24.299999999999997,
    "0x6a72f61820b26b1fe4d956e17b6dc2a1ea3033ee": 25.850000908685445,
    "0x0f37cb80dee49d55b5f6d9e595d52591d6371410": 5.167080825829275
  },
  "portfolios": {
    "0x0f37cb80dee49d55b5f6d9e595d52591d6371410": 309.26327032499995,
    "0x6ffb4354cbe6e0f9989e3b55564ec5fb8646a834": 1443.9743029029999,
    "0x83b9f9e2d28ab875b9c9f73cdd5535c4c8926124": 265369.12361703493,
    "0x6a72f61820b26b1fe4d956e17b6dc2a1ea3033ee": 201095.44163038002,
    "0x3657862e57070b82a289b5887ec943a7c2166b14": 480690.00731220003
  }
}