{
  "global_exposure_usd": 0.0,
  "per_trader_exposure_usd": {},
  "portfolios": {
    "0x2f09642639aedd6ced432519c1a86e7d52034632": 232954.077272646,
    "0x0f37cb80dee49d55b5f6d9e595d52591d6371410": 2121.991888789,
    "0x6a72f61820b26b1fe4d956e17b6dc2a1ea3033ee": 156135.18378973703
  }
}