{
  "global_exposure_usd": 18.900001388500673,
  "per_trader_exposure_usd": {
    "0x2f09642639aedd6ced432519c1a86e7d52034632": 18.900001388500673,
    "0x0f37cb80dee49d55b5f6d9e595d52591d6371410": 0.0
  },
  "portfolios": {
    "0x0f37cb80dee49d55b5f6d9e595d52591d6371410": 2112.528499242,
    "0x75e765216a57942d738d880ffcda854d9f869080": 57345.6672420405,
    "0x2f09642639aedd6ced432519c1a86e7d52034632": 228031.21849554896
  }
}