{
  "global_exposure_usd": 4.10000001215524,
  "per_trader_exposure_usd": {
    "0x6a72f61820b26b1fe4d956e17b6dc2a1ea3033ee": 4.10000001215524
  },
  "portfolios": {
    "0x2f09642639aedd6ced432519c1a86e7d52034632": 289526.80698832107,
    "0x0f37cb80dee49d55b5f6d9e595d52591d6371410": 2288.1987606459998,
    "0x6a72f61820b26b1fe4d956e17b6dc2a1ea3033ee": 175481.68889340648
  }
}