{
  "global_exposure_usd": 0.0,
  "per_trader_exposure_usd": {},
  "portfolios": {
    "0x6ffb4354cbe6e0f9989e3b55564ec5fb8646a834": 1310.6619888010002,
    "0x3657862e57070b82a289b5887ec943a7c2166b14": 480690.00731220003,
    "0x0f37cb80dee49d55b5f6d9e595d52591d6371410": 27162.8127978005
  }
}