{
  "global_exposure_usd": 0.0,
  "per_trader_exposure_usd": {},
  "portfolios": {
    "0x3657862e57070b82a289b5887ec943a7c2166b14": 313441.6028391201,
    "0x0f37cb80dee49d55b5f6d9e595d52591d6371410": 1961.2955556945,
    "0x6ffb4354cbe6e0f9989e3b55564ec5fb8646a834": 245445.01702370602
  }
}